content,intensity
never hurt love lot hurt back probably choice leave ever,2
expect wrong figure ready correct itcos know mistake,2
preferred walking away fighting worth fighting never asked stay,2
moving ward life hard leaving move ward,2
never cry life cry deserve tear deserving never let cry,2
billion planet friend,2
know come back heart take life long time accept,2
habit talk daily talking feel like year passed,2
value person alive cry dead,2
magic song sound happy listen song sad underst song,2
every flirty boy left reason,2
get tired loving get tired waiting assuming hearing lie saying sorry getting hurt,2
hardest watch person love love else,2
never stop caring decide push away,2
hurt heart arm,2
show true feeling find way hurt,2
amazing break heart love little broken piece,2
tunate life tragedy,2
country isls sea billion single,2
sad realize important,2
battle fought alsome path crossed never emotionally attached never know walk,2
keep smiling life become tired upsetting,2
never become daughter house mor,2
biggest mistake ever made expecting happiness,2
person topped inbox flash may know,2
everybodys online except actually want,2
take word seriously break heart find actually say,2
sad moment realize childhood,2
life seems running road shelter sign board destination,2
voice medicine disease,2
worst feeling world knowing longer important,2
eassy say bussy need hard hear bussy need,2
realise lly end bunch talk listen,2
smile every never underst,2
matter hard try matter relationship get never replace lost,2
remember way used look notice way ignore,2
painful goodbye never said never explained,2
never expect happen better feel surprised feel disappointed,2
underst cry,2
itt song make emotional come mind hear,2
hate went stranger friend close friend almost sum,2
know,2
make best couple dad always create trouble,2
single wish would back moment kissed,2
sadness last seen change online last seen reply,2
distance solution reduce complication want maintain distance eternity,2
tear last gift true love,2
tired making fake smile,2
want get,2
funny ing lot brave yet choose offer half could,2
silence better talking least hurt,2
feeling walk away,2
silence powerful scream,2
important moving letting,2
die tomorrow miss,2
cry person know value tear,2
problem,2
please interrupt ignoring,2
missing hurt hurt knowing reason,2
get appreciation nice notice become bad,2
bad talking quiet really worry,2
know person heart way treat pet,2
would easier dissapearsave every trouble,2
wondering long time,2
break heart piece knowing get remember ever,2
bruise away tually pain caused memory happened,2
worst feeling world know love toger,2
may smile may laugh deep heart pain never guess,2
fine look mirror laugh cry know lie,2
talk make better make heart break every,2
surrounded love yet alwhy reli,2
emotionallyi dmentallyi drainedspirituallyi dead yet physicallyi smile,2
crop picture took toger never crop memory shd,2
worst happen person gotten never get,2
relationship make better person wrong person,2
better far get smile remember sad,2
mostly scar see hurt also take longest heal,2
wish could escape place feeling able haunt,2
took seeing life like know want sorry ever hurting,2
every time take step ward life get pushed two step backam walking backwards,2
say powerful say,2
smile cry night hoping pain away,2
finally happy want break cry deserve,2
hold back tear hide smile hide hole heart,2
may realise lost diamond busy collecting sts,2
love best feeling world heart hurt,2
like pretend okay want annoy problem,2
always tear measure pain smile fake,2
going smoothly could get better devil jump screw every,2
guess say true every happens reason,2
longer want stay way,2
funny look hurt,2
action bee blinded eye voice fall deafened ear,2
surrounded love yet alwhy,2
dont sad smile happened,2
smiling life perfect,2
life perfect kful every,2
sad moment find old conversation talk anymore,2
single moment misundersting poisonous make get hundred lovable moment spent toger minute,2
trust kill,2
weakness,2
trust friend every,2
knw blocked love watch blank profile,2
afraid happy ever get happy bad always happens,2
push away promise find left heart big big enough deal decide love convenient,2
lie lie matter big small,2
tear last gift true love,2
feel good sit relax talk,2
sorry good enough tried,2
sorry heart listening brain time know better,2
really else never,2
never hurt lie,2
expectation break relation,2
say okay want look eye hug tight say know,2
feel like every wrong,2
two fall realize need fall back toger,2
smile face life perfect,2
sad happy,2
hope meet,2
moment life word,2
switch feeling person,2
really mine really toger worth always sweetest ever,2
feel getting,2
loyal always seems like loyal wrong,2
regret past regret time wasted wrong,2
sadly way learn appreciate losing,2
hate hate,2
seriously boy underst little word move affect,2
truth waiting till,2
outside smiling happy,2
bad relationship change good,2
every time trust somebody show,2
change way made feel never,2
miss died miss moved away worst miss see every,2
every acting like okay never know truth,2
like listen sad music sad make double sad,2
promise happy reply angry decide sad,2
heart made broken,2
feel crappy insidelike broke,2
heart got issue know hate miss,2
worst mistake walking away person actually stood waited,2
wait till get realize get,2
changed truth never really knew real,2
real feeling away,2
afraid lose mine,2
lost somebody mine,2
smile hold back tear,2
say follow heart way heart break two,2
word fail tear speak,2
boyfriend treat like princess like bitch,2
hate fact never got better,2
smile see broken inside,2
finally see biggest mistake loving,2
hate jealous know,2
love fact million apology bring back,2
know stop hoping,2
wish dream,2
sad never talk used talk every,2
hard get shd memory,2
sadness come bad circumstance come bad,2
play heart intention serious relationship,2
find prettier smarter funnier never find like,2
texting first ignoring reply,2
need hold,2
ever loved way every want loved,2
funny person hurt expecting first place,2
fell catch,2
matter try get always,2
precious trophy best game played,2
relationship like glass better leave broken hurt trying put back toger,2
blame leaving blame right keep,2
give way look never used,2
memory reason move,2
hope hold pain end,2
book available onhow love single book available onhow get truely loveable,2
mouth say finger text fine heart say broken,2
promise break memory break,2
wish could give pain underst hurt,2
always toger far far away,2
afraid lose mine,2
apology fix broken heart,2
painful goodbye never said heart already know,2
truth hate try,2
fault,2
know name story,2
act like inside ever,2
lie end relationship truth,2
know chance somehow stop trying,2
strange lie end relationship usually truth,2
stop wasting tear make smile,2
timepass life wil truly realise time passed wid beautiful time ever,2
never trust underst feeling,2
hard move,2
relationship end two stopped loving stopped hurting,2
suck ignored person attention world,2
hate see face,2
dog mend crack broken heart,2
delete number basically deleted life,2
slowly giving,2
hate seeing bring back feeling tried hard get,2
sorry caring sorry trying sorry let,2
relationship fails fault giving walking away stopping,2
tear prayer travel god speak,2
want experienced broken heart know exactly feel break mine,2
learned sorry enough actually change,2
sorry love,2
love trust sorry help,2
sorry felling sorry,2
saying sorry biggest strength,2
say sorry planning repeating later,2
miss smile face hugsi miss,2
mood upset reason surely missing,2
feel better surprise text person miss,2
miss read old conversation smile like idiot listen song remind miss,2
call text ing like crazy,2
lie miss,2
missing killing,2
wish would vibrate right name come screen,2
miss smile face hug miss,2
hey stupid miss love hope realize,2
miss every,2
missing able see worst feeling ever,2
simple miss change every,2
close eye see open eye miss,2
person miss feeling moment memory,2
call text ing like crazy,2
textsno callsno ing like crazy,2
need closer,2
stop missing,2
try miss end,2
miss miss laugh smile good time way,2
okay miss,2
miss name lighting,2
ever miss hug pillow imagine,2
wish could back used miss,2
hug need kiss love call missing,2
love miss,2
love missing,2
missing life,2
miss seeing name show,2
miss little little often little every,2
miss time actually,2
never easy missing knowing,2
miss miss missing,2
always person hate reason,2
emotional pain always hurt physical pain,2
silence anor word pain,2
tear sign unspoken happiness smile sign silenced pain,2
pain remind alive,2
know silence tear heal pain,2
missing turn pain pleasure knew missing,2
painful goodbye never said never explained,2
love proven poem promise present pain patience prove,2
greatest pain come love loving never,2
yes changed pain,2
hurt okay feel well feel,2
closer anybody small change behavior hurt lot,2
get hurt,2
hurt truth comt lie,2
talking obviously important,2
close eye want see close heart want feel,2
guy realize little hurt,2
promise worse lie make believe also make hope,2
perfect maturity person hurt try underst siuation hurt back,2
hurt realize important,2
angry hurt big difference,2
ask keep hurting ask allowing,2
love like rubber held end two leaf hurt,2
love always hurt,2
hurt realizing every,2
wish could give pain moment hurt rar finally underst hurt,2
trust hope hurt,2
hurt realize important,2
feel like every wrong,2
erase message delete number move get accept person anymore,2
love let want hurt,2
get hurt actually give fuck,2
love like heaven hurt like hell,2
wish gut hurt like hurt chance would take,2
hope realize hurting,2
time really heal heart make heart get pain,2
better nobody hurt,2
fall love get hurt life,2
deepest hurt,2
get hurt yester get love tenderly,2
getting hurt make stupid enough hope enough love heart always best,2
truly hurt deeply love,2
hurt realizing every,2
hurt make stronger tomorrow,2
hardest watch love love else,2
realizeall love gave given else,2
silent greatest heart,2
happy enjoy music sad underst lyric,2
get jealous afraid going make happier,2
need run away see follow,2
make laugh like make cry love,2
emotion trouble call,2
story make cry know healed,2
never assume like sweetness option bored,2
worthy silence respect feeling,2
get addicted take away pain,2
dear feeling need move,2
stay perently learn survive,2
never search happiness make feel search feel happy left,2
wish could ignore way ignore,2
underst left underst waiting,2
stay silent word explain going mind heart,2
feel,2
want mess feeling,2
never depend walk,2
hard get gave remember,2
better quietly miss rar let know get response,2
billion world really need,2
never feel bcz lliness always,2
pretend really else ever,2
matter hard try never change,2
type smile make every though dying inside,2
sit sit past,2
scd getting close said always,2
always online lliest agree,2
bee long know nobody,2
hope always remember great memory created,2
may get person memory stay ever,2
close anymore,2
missing loving never never know strong love really,2
lliness better bad company,2
told perfect left known perfect would good enough,2
cry would cry,2
ignores need talk,2
sorry always enough actually change,2
upon time stupid enough fall love,2
walking friend dark better walking light,2
every time ignore regret every text message ever sent,2
hate getting close walk life matter close,2
stop ing wonder wasting time,2
never back way used matter miss,2
cheating choice mistake,2
always cheated loved like mad,2
want hst relationship lie mind game cheating,2
alphabet teaching cheating common try cheat often teach,2
underst cheat happy leave,2
relationship flirting cheating,2
cheat chance cheat choice,2
cheater always repeater,2
cheater always cheater never trusted,2
cheating always kissing touching flirting got delete text message ner seem already,2
cheating easy try hard like committed,2
lie cheat make promise keep,2
hst frank may cheat hst frank anyway,2
excuse cheating relationship,2
interested cheat better leave,2
cheating unless get caught,2
relationship flirting cheating,2
cheater every cheat liar every lie keep mind,2
enough time cheat enough time,2
cry cry,2
cheating choice mistake,2
,2
say sensitive truth feel every word every action every energy straight heart,2
person yester compd person,2
goodbye hurt flashback follows,2
smile face life perfect appreciate god blessed,2
cage get afraid cage let fear stop,2
cry way eye speak mouth explain broken heart,2
cry person weak person heart,2
emotional kind heart show true feeling cheap behavi,2
close act complete stranger,2
respect every single drop water eir sky eye,2
perfect couple perfect situation,2
trust game interesting playing emotion,2
worst life surrounded noticing problem,2
like darkness see star brightly,2
rain fall cloud could bear weight water tear fall heart could bear weight pain,2
dog earth love love,2
waste tear cry deserve see smile,2
smile camera smile friend smile family smile world cry,2
good cry shower need release pain build inside,2
eye dust heart trust always cry,2
cry heart speaks lip explain pain feel,2
cry guy normal guy cry never love anor like,2
going make cry least wipe away tear,2
never cry person hurt smile say giving chance find better,2
tear made water feeling,2
cry love detector make cry show love relationship,2
cry cut cry never end,2
stop cry yester start smiling tomorrow,2
eye dust heart trust always cry,2
tear come heart brain,2
hold head high blink away tear say goodbye,2
instead wiping tear wipe away caused,2
want know hell remember word song year remember went next room,1
love long sweet dream marriage alarm clock,1
world could amazing slightly strange,1
secret talent getting tired,1
khatarnaak sapp status ever talk wife,1
new way getting past deleting chat,1
country isls sea billion single,1
available prabhu ichhaa tak,1
life short serious time laugh call laugh,1
really cool feature nano beggar ignore traffic signal relaxing facility,1
love flower cut love animal eat love scd,1
person cful step tomorrow looking bakras afd lose,1
men feeling example feel hungry,1
horrible life slow internet slow internet slow internet,1
teacher gave minute speech wasting time,1
woman love shoe bcz matter ever eat shoe always fit,1
never laugh wife choice,1
god hindi version sapp orwise last seen would antim darshan,1
hey using brain,1
put heart soul work lost brain process,1
face make toilet,1
getting married lot like getting tub hot water get used hot,1
sorry text sent last night drunk,1
bird hit windshield ever wondered god playing angry bird,1
taking back like going junk yard buying back crap,1
know keep plastic bag home full plastic bag,1
work every situp every morning wake,1
wise guy invented sapp wife added last seen feature,1
wish google mind antivirus heart,1
billion china,1
beautiful photoshop trial,1
wait waiter restaurant waiter,1
love six pack protect layer fat,1
warning know karate word,1
wish pnts like google underst bee complete,1
watching,1
say lot summer winter,1
wonder happens doctor wife eats apple,1
study economics unemployed least know,1
hey using sappstatuscom,1
woman god version rubik cube,1
tum mujhe hmmm main tumhe dunga,1
unit ignorance online,1
hey using pnts,1
use bathroom dream setup,1
type world vegetarian nonvegetarian tues satur,1
laziness like lie becomes infinity,1
accept pigeon statue,1
sapp free hai main nahi,1
nobody perfect dettol kill germ,1
seafood diet see food eat,1
exam university closer appear,1
decided burn lot calorie set fat kid fired,1
remember old nokia said low battery find charger,1
read mind every second boy get slapped,1
come conclusion google must female answer every,1
like police get hold evidence want hear truth,1
mirror lie lucky laugh eir,1
love set free come back set fire,1
hate reason give reason,1
nonurgent call,1
write lol end every answer exam,1
say least attractive mosquito,1
sad single rar ing single,1
always available try luck,1
uruguay luis suz bit apple logo,1
average millionaire bankrupt least time time pretty close,1
yawn reading word yawn,1
typing,1
game lost,1
every,1
three mistake life wtf sapp twitter facebook,1
hey sapp using,1
waiting ache din,1
dear math tired finding dude please move bro,1
namo modi victory proved succeed mor near wife away,1
word exam make sick pain,1
koochi poochi please get gucci sell blood,1
tos world smart smartph smart,1
mera status dekhkar aapko kya mila babaji thullu,1
history toger english french also,1
relationship study complicated,1
need highfive face,1
prefer work smarter instead harder,1
condolence confused love broken heart,1
act crazy regret would never ever life short live,1
hate fart silently public,1
airplane mode wtf flying,1
marriage wife look beautiful,1
team work important help put blame else,1
life beautiful fri mon,1
marry look pretty adhaar card,1
never get face case glad make exception,1
underestimated always serf advantage,1
confession good soul bad cer,1
scary doctor call practice,1
two peanut walking tough neighborhood asalted,1
never make mistake twice new,1
short going unite take world,1
flabby thigh tunately stomach cover,1
installing love installation failed error install first,1
kid born never worry getting old,1
vegetarian want animal live eat food,1
bungee jumping suicide string attached,1
stuff come mouth upset keep,1
dog bark ememies laugh take serious,1
bye bye everybody bye bye usa,1
say live love oxygen important,1
love married great find special person want annoy rest life,1
take nice long shit stress,1
happiness homemade,1
smile world smile,1
get smile,1
smile curve set every straight,1
life give hundred reason cry show life thou reason smile,1
smile let every know lot stronger yester,1
purpose life enjoy every moment,1
learn make happy,1
smile every minute never know falling love,1
aspire inspire bee expire,1
fake smile hide million tear,1
life beautiful condition apply,1
count blessing problem,1
every time smile smile,1
know beautiful read first word,1
happiness perfume getting drop,1
happy moment life,1
let smile change world let world change smile,1
best feeling world person like like back,1
smile best medicine word please keep smile,1
key happiness bad memory,1
exp happiness sharing larger rainbow brightly shine,1
smiling infectious catch like flu smiled started smiling,1
anger towards past carry heart capable loving present,1
happiness postp future design present,1
brain beauty make best world beatiful beautify world,1
always believe wonderful happen,1
next time wonderful beautiful life get include,1
happiness determined happening rar happening inside depend gain happiness truth always come,1
finally let past better come along,1
nobo take away pain let take aways happiness,1
simply seek happiness likely find seek create love regard happiness likely happy time,1
dear ever reading beautiful crazy smile life short happy,1
best way cheer try cheer somebody else,1
live moment put word,1
soon trust know live,1
enjoy little life look back realize big,1
reason happiness expect,1
important life,1
waste time getting hurt else waiting make happy,1
life give hundred reason cry show life thou reason smile,1
let past rob future new chance make new beginning count blessing live gratitude love heart,1
always make smiling,1
wearing smile gave,1
happiness love,1
reason smile,1
smile give way live,1
lower set expectation hurt disappoint,1
beautiful need accepted need accept,1
strong know keep life order tear eye age say smile,1
big relish small pleasure,1
happiness ready made come action,1
secret happiness love secret success loving,1
pencil write happiness hould least try nice rubber erase sadness,1
know life worth struggle look back lost realize better bee,1
real smile come,1
reason smile,1
lot end unhappy make perent decision temporary emotion,1
smile begin,1
happiness last seen change online typing,1
happiness life depends quality,1
busy watching ahead take time enjoy,1
kful count blessing rar want,1
order live well must make conscious decision happy let liitle life ruin,1
smile make look betterpray keep strong love make enjoy life,1
always satisfied best,1
train mind see good every,1
smile second best lip,1
happiness destination jney choose take,1
spread love hate,1
buy happiness buy ice cream kind,1
existence give hope person smile make else smileso value,1
slept dreamt life joy woke saw life service acted behold service joy,1
good laugh long sleep best cure,1
every given gift treat way,1
happiness life depends upon quality thouhts quality depends person meet life,1
never miss opportunity make happy leave order,1
cry give learn move let tear water seed future happiness,1
problem life lip know always smile,1
deal problem bee deal happiness,1
choose cfully keep brings peace release brings suffering know happiness thoughy away,1
fun perfect life make risk take chance mind take fun,1
laugh world idiot,1
stronger smarter mistake happier sadness known wiser learned,1
greatest gift life see feel,1
happy life always happy simply exist,1
faith keep strong love keep happiness keep alive downer happpy strong free alive,1
let sadness past fear future win happiness present,1
smile front hate happiness kill,1
happy single never happy relationship get life fist,1
wait good live bad good possible,1
need boy keep happy need,1
hate say miss make eft speak see,1
order stay happy life get rid make unhappy,1
key achieve inner happiness strive make else happy instead trying make happy time,1
laugh apologize wen let change,1
happy necessarily best every must make best every,1
every life happens reason stop worrying reason live happens,1
love want need accept yoru recieve give give bless see light,1
ever make feel bad leave ever make smile keep,1
smile world stop sts,1
long looking back past never see ahead,1
begining end dream plan life jney moment moment live moment fullest,1
smile smile back,1
kindness ingful progress,1
play moment pause memory stop pain rewind happiness,1
simplest way stay happy let make sad,1
naughty nature wild choice,1
key happiness getting past,1
believe love marriage necessarily person,1
permission touch wipe tear,1
easy,1
kiss magically delicious,1
finally realized need,1
secret every else,1
never place key happiness pocket anor,1
happiness temporarily escape wilderness return fill soul,1
inner soul indulges true happiness feed,1
analyze happiness let flow analyzing rationality,1
chose certain miserable state rar leaping risk happy,1
way spark soul jney happiness sparking light anors happiness,1
quit trying happy missing good time,1
birth quote boyfriend,1
happiness spark mind settled spark rom spurt,1
wish misery indulge happiness,1
happiness comded life program delete unhappy blocking access path,1
laughing passionate expression true happiness,1
apology quote apologize quote,1
tune happiness life song happy melody,1
officially certified graduated earn happiness,1
count trouble away delve countless joy,1
start wonderful life past tense awaken present,1
birth quote boyfriend,1
happiness mile away right side clinging grasp,1
moment exploring anticipation clinch happiness beyond final cave,1
differing selffulfillment path taken road lost,1
questioning brings happiness difficult answer wealth failed poverty failed sadness happiness parallel trail time pause intervene space,1
attempt reversal life puzzle begin trying build wealth asset happy correct path first find true happiness order grow abundance,1
new relationship quote,1
strives happy leaving pathway happiness impossible,1
serve happiness want elegantly,1
reap enjoy happiness harvest,1
hold head high straighten shaking depression bubble air away,1
crush quote crushing quote,1
pleasure earth come stray package waiting seized,1
fade away precious moment making mind happy letting,1
happiness realm true cage,1
fit bear burden great joy seep tranquil pleasure,1
happiness finally getting desired appreciating already,1
compassion key happiness,1
happiness seed root blooming bliss,1
moment world right gentle heavenly wave soul jney,1
happy childhood never expires embraced time,1
happiness good health poor memory eliminates life failure,1
love laughter health abundance tinge luck joy happiness,1
happiness byproduct goal,1
happiness location direction,1
outward beautification need soul happiness expression resonate,1
true cosmetic beauty happiness,1
happy dev enjoyment scenery det route,1
happy person true mula stay happy,1
obstacle kerbing happiness expecting,1
sculpt away misery engraving happiness golden flame life,1
happy seed sow positivity abundance,1
happiness ideal imagination reason,1
heart filled joy worth pocket coin,1
happiness limited direction spread life quarter,1
satisfaction overdose leaf bloated happiness,1
loses happiness wishing happiness,1
avoid misery sufficient leisure wonder state happiness,1
basic right pursue happiness grab wait path create happiness desire,1
bliss come chase chasing futile exhausting path,1
root unhappiness futile search gaining happiness,1
content blessing disguised,1
happiness nest love,1
postp happiness temporary phase interwoven eternal blessing,1
position control world control reaction life encounter choose happiness,1
happiness prevails present revives new presence,1
happiness spiritual harmonious spring want stop feeling,1
good exercise jump joy,1
happiness joyful feast first cse misery gulped away,1
enjoy sound centered soul harmonious bliss happiness,1
route happiness get deted curved direction,1
happiness contagious sparking spread glow,1
happiness need spread wing grow every facet enclosed clung perception limited enclosure,1
happiness ordinary every consciousness concentration self concern,1
greatest gift love simply happy,1
may always happy always spread happiness,1
happiness ruined moment great catastrophe repetition minute habit,1
twinge happiness scatter mass multitude grief,1
happiness produced consumed,1
miserable perceive misery created seed sprouted negativity,1
happiness core wisdom,1
happiness task inner soul,1
unhappiness aspiring lost get unknown want,1
happy present happiness cease,1
happiness attached price tag,1
state calmness serenity inner peace overwhelms painful outer experience,1
happiness clustered limited letting exp preciousness,1
valuing joy merit lead happiness,1
pain know happiness,1
happiness message action order,1
happiness owning earning consuming gratitude love grace spiritual reality,1
garing crumb happiness creates full loaf contentment,1
happiness harmony men cse life,1
happiness troubled mind pain body,1
need make happy enthusiastic aspiration,1
happiness occurs naturally seldom result circumstance,1
joy pain melt away,1
unhappiness eir unlesome food severe labor erring life habit,1
miss bliss happiness stop embrace enjoy,1
grateful harvest garden happiness make soul blossom,1
every minute anger sixty second happiness lost,1
happiness choice conscious automated response,1
useful happy else incidental,1
counting blessing paramount key unlock door happiness,1
happiness soul jney,1
past future yet need embrace present,1
best route awness realization knowing problem actually point blaming family government pastor prayed bringing result springing happiness control destiny,1
happiest world fully love mselves accept responsibility every life aspect,1
optimism magnet happiness staying positive attract best,1
practicing true compassion brings immediate happiness long lasting,1
happiness living first hymoon last vacation,1
happiness choice happy chose,1
must learn let life cfully planned motion life waiting pathway,1
freedom prefer happiness liking chosen,1
spending lifetime anticipating preparing storm seize moment lay back dev sunshine,1
new beginning new chapter start afresh new spark get happen focus,1
aim better person aim better,1
happiness piece lost puzzle selfcreated,1
choose live life miracle every,1
chase happiness eludes like terfly rest shoulder pursuing capture,1
happy perfect chosen look beyond imperfection,1
wher anger frustration jealousy joy universe gift enjoyment growth,1
jney life fall love love jney life always love life,1
happiness direction place make happy happy,1
happiness letting life supposed look like,1
success key happiness happiness key success,1
want happy set goal age ing express strength inspires hope,1
figure esteem battling satisfaction,1
rich give,1
tool hammer tend see every problem nail,1
may also like best attitude status quote sapp,1
distance madness talent measured success,1
never confine limited imagination never limit limited imagination,1
happiness readymade come action,1
happiness sadness run parallel rest begin tingle purpose life happy,1
happiness goal byproduct,1
pursuit happiness main sces hunger,1
love every need,1
succeed life need two ignorance confidence,1
wait time never right,1
every difficulty ask two question right would differently,1
brood get living loving ever,1
best moment put best place next moment,1
life real failure realize close success gave,1
going hell keep going,1
happiness find rly look,1
miserable motivate every always choice,1
first step success refusing prisr environment first find,1
miss awesome status english,1
attitude important ability success,1
judge success give order get,1
spread love every let ever come leaving happier,1
cosmetic beauty like happiness,1
happiness say consistent,1
happiness life depends upon quality,1
happiness always look small hold let learn big precious,1
ups down victory defeat sadness happiness best kind life,1
action key success,1
victory sweetest known defeat,1
success simple right right time,1
work discover world heart,1
achievement rule individual excessively occupied,1
success largely matter holding let,1
start use,1
success seems connected action successful keep moving make mistake quit,1
embarrassed failure learn start,1
give mula success give mula failure try make every happy,1
success going failure failure losing enthusiasm,1
simple task powerful keep going,1
successful find matter business bee competitor,1
learn rule game point need play better person,1
amateur sit wait inspiration rest get work,1
interfere,1
life finding life creating,1
success high jump hit bottom,1
ever tried ever failed matter try fail fail better,1
seems bitter trial often blessing disguise,1
attitude aptitude determine altitude,1
successful warrior average laserlike focus,1
real smile come,1
love trust hsty long lasting relationship,1
life hurt broke always made smile,1
see future let give clue,1
word enough,1
truly love angry never leave,1
love sweet new sweeter true,1
love blind cful,1
best love story fall love unexpected person,1
nice,1
dude lucky got step treat right long,1
seeing smile make feel better inside,1
love name ofrespectif respect lovedn deserve beloved,1
every need good guy help laugh never smile,1
memory true love like favorite song matter time play never get tired,1
every deserves boy change life relationship status,1
need perfect relationship need give,1
laugh little louder cry lot smile lot,1
call old fashid actually take relationship seriously,1
love sweet new sweeter true,1
hate facebooks always asking mind coz always,1
relationship take two person faithful anor acting single,1
sitting enjoying company better surrounded fake,1
everybody know love know stay love person ever,1
love ever make cry,1
may perfect original,1
communicationtrust relationship last lifetime,1
want cute long lasting relationship,1
single text change mood moment,1
relationship like drug eir kill give best feeling life,1
always incomplete,1
first get hurt,1
good relationship happen take time patience two truly want toger,1
every life boy never get every boy life never get,1
relationship start talk end need talk,1
love hold like never let,1
though million mile away always toger,1
get mad,1
love depend sight sound heart beat,1
want vitamin,1
friend gorgeous loyal flirt cheat like throwing away diamond picking rock,1
heart perfect inside,1
want hst relationship secret lie cheating,1
ever question answer love,1
happiest couple never character best understing difference,1
nice lip kiss,1
saying moved feeling suddenly see person,1
best relationship usually begin unexpectedly,1
broken heart change,1
never hurt popular lie,1
crazy month year talking cross mind every,1
really love person would cheating,1
make relation proud take every risk,1
give,1
real men date beautiful world date make world beautiful,1
beauty pretty face pretty mind pretty heart pretty soul,1
distance every,1
judge time love mor teresa,1
love,1
cheer sweet beautiful going love magnificent,1
love like cactus tighter try hold hurt,1
friend couple,1
heart always,1
true relationship accepts past support present love encages future,1
love hate way act,1
hardest talking used talk every,1
every,1
distance test see far love really,1
every beautiful ugly relationship made scd love,1
close anymore,1
relationship sit fun toger,1
make option made priority,1
love like circle end,1
main rule relationship lie cheat make promise keep,1
dear lady take time argue,1
met talked liked called texted dated committed loved cheated deleted,1
real boyfriend never give fight,1
always love know,1
loyal always seems like loyal wrong,1
get suspicious trust disappears,1
love first every else fall line,1
every reason every hope every dream ever,1
true love happy ending true love never end,1
look every find heart love worst arm hold weakest,1
want guy say love every night prof every,1
ing studying definitely love,1
relationship far want,1
maybe perfect relationship fought argue cry commit mistake similarity love,1
texting fine calling okay best,1
true love doubt jealousy worry life good,1
ignoring waiting talk first,1
last seen check last seen,1
need actually side matter mood,1
jump reationship clearly last fair person,1
enjoy every moment spend,1
love ready,1
want come life accident stay purpose,1
mom told angel heaven earth,1
relationship start talk end need talk,1
want scd lose would keep,1
love crime want wanted criminal,1
billion world really need,1
listen little heart always say name every heartbeat,1
love complicated,1
life need,1
need geography world,1
accept strongest support weakest,1
love greatest refreshment life,1
real seeing hurt cful decision action never responsible pain,1
love dear every beat heart,1
heart mine ever,1
best feeling first kiss,1
true love make cry seeing unhappy,1
love love long,1
promise moon star promise stay ever,1
fire like love keep warm get burned,1
person always feeling matter look take right back memory,1
pretend really else ever,1
story history story mystery,1
love bird let fly,1
want rotic relationship like movie,1
true love inseparable separated change,1
typing huge paragraph true feeling erasing typing yeah,1
best relationship lay next talk every,1
love say love prove true,1
love blind beautiful,1
know really feeling game,1
relationship act like complete idiot toger sweetest ever,1
wait boy would every,1
laughing kissing completely comtable,1
friend madly love,1
ask every,1
hardest acting like knowing actually,1
true love habbit coming back,1
need love,1
love master key opening gate happiness,1
live live love,1
need like heart need beat,1
love strange becomes reason live life becomes reason leave life,1
best feeling come get text person ing,1
love know,1
relationship fail love boy love,1
problem,1
love love two love,1
god asks include among love,1
perfect hug hug asking,1
shortest word sweetest word love word,1
best feeling look love already looking,1
love heart destiny,1
kiss biting lip,1
true love tolerate outsider,1
play heart intention serious relationship,1
love love love,1
fall love chance stay love choice,1
like drug killing,1
trust relationship two friend act like lover,1
different,1
first last,1
admit get jealous talking else instead,1
every relationship problem make perfect want every suck,1
like smile love reason,1
need somebody love way treat,1
want long cute relationship every like damn toger,1
come love finding perfect person learning see imperfect person perfectly,1
want grow old,1
want see hug kiss,1
love yester love tomorrow,1
love straight hst feeling make every easier,1
every time look keyboard always toger,1
borrow kiss promise give back,1
person hate love,1
know like,1
try underst completely eir mad start loving,1
know experienced real love lost,1
true love never get stronger time,1
apologizing wrong simply value love friendship ego,1
really happiness matter,1
love never explained,1
love begin end way seem love battle love war love growing,1
give feeling,1
true love habit coming back,1
lost heart body see,1
give key heart know lose love taking risk stupid,1
hstly time hate hate busy loving love,1
love feeling give want babe,1
fall love face fall love personality,1
want listen say want feel,1
really need complete need accept completely,1
come talk sweetness weakness,1
want hug kiss,1
faithful hard really,1
love love toger,1
dear heart please fall love ready lly,1
love cute new love beautiful last,1
love never diesonly lover change,1
love like drunk control,1
open heart heart suffers,1
love way,1
love madness love,1
argue fight end night alright,1
happiest know make every front every every time,1
million reason move would look stay,1
hate fighting person make smile,1
love stupid toger,1
deep inside heart feel need love,1
left fine love somebody else front,1
fall love ready tear,1
believe hope pray love put life hold waiting love,1
love heart peace nerve truth mind,1
relationship god important relationship,1
push away need pull closer,1
amazingshe easyif easy amazing worth give give worth,1
way fill life love simple want love give love,1
love seeing couple fall love stay love,1
want else heart kiss lip arm love want take place,1
million fight could make hate,1
love need feel complete,1
love make smile tired,1
love person really suffers,1
know person must love,1
love heart beat faster,1
favorite reason lose sleep,1
person love fight daily reason,1
let love,1
love set free,1
truly love faithful easy,1
love true always find way,1
really want relationship long happy,1
know worse keeping love secret ing rejected,1
gravitation responsible falling love,1
love actually love,1
best conversation usually happen late night,1
need maintain distance keep close,1
retweet following want follow back,1
hst ever spent time eft,1
busy love,1
need need let make work,1
love second love ever,1
type person want meet,1
ever long time would mind spending side,1
love love lot,1
love never failwe fail love,1
belong else belong,1
madly love need word describe,1
nice,1
love like wine want get drunk,1
loving ctaking ctaking love buy love gift,1
true love love first sight love every sight,1
love like war easy begin hard stop,1
shaped fashid love,1
love star sky fish sea,1
true love happy ending ending,1
hate love love,1
heart love stay always,1
describe word boy mine,1
love exposing pain hurt trust,1
love begin smile grows kiss end teardrop,1
idea happened know love,1
love listen song relates sure feel,1
wish could love way love,1
taught love stop,1
far important attention give loved listening,1
like flower give fragrance crush,1
peopel love make feel,1
touch love every becomes poet,1
cuddling would perfect right,1
tighter hug better feel,1
said truly fall love believe every time see fall love,1
love smile eye laugh personality humor hate never,1
every need good guy help laugh never smile,1
idea like make smile love talking wish,1
truly love see mess moody get hard hle want,1
good relationship worth wait,1
eir live love die way,1
count blessing count twice,1
talk fall love,1
love hate,1
love yester love always always,1
love control every single emotion,1
love never fails fails life love,1
want hug yuh soo tight air could fill space,1
kiss garden love blind neighbs,1
meet past want future,1
incapable loving anor unless love self,1
hattered cease hatered haterd cease love,1
jealousy love hate time,1
give time good love rar good order fulfill moral duty,1
wait boy would every,1
everytime look keyboard always see toger,1
anor year toger always easy ever,1
love mind heart feel,1
love logical,1
million million,1
want tomorrow next week rest life,1
never buy love pay,1
love reveals belief endures love never fails,1
would learn secret right relation look divine leave rest god,1
love sorry said,1
know love,1
space finger filled mine,1
found love life closest truest friend,1
magic first love ignorance never end,1
love found exist,1
angry hurt big difference,0
available busy,0
exist impress world exist live life way make happy,0
every getting expensive except getting cheaper,0
screen brighter future,0
anger feeling make mouth work faster mind,0
good way keep idiot busy second read,0
best way get attention stop giving,0
like bring past present future look better irs,0
wakeupjobnoluvdaarusleeprepeat,0
hater making famous give sht talk back,0
hurt worst person made feel special yester make feel unwanted,0
life short waste reading sapp status,0
treated way treat would hate gut,0
like potato chip,0
asked life would sacrificed smile stripped pride,0
always miss find happier,0
change two reason learned lot hurt time,0
fail feel shame step away success,0
get betrayed never,0
ever get jealous shit come mouth,0
give lot importance loss importance life,0
solution focus negative,0
every negative positive find utilize,0
always focus negative never see positive,0
negativity cer soul spread like flu,0
realized powerful would never negative,0
life give lemon squeeze eye,0
take nice long shit stress,0
disturb disturbed enough already,0
please interrupt ignoring,0
stop letting world change change world,0
looking come fuck fairy right change,0
looking past yeahalot hurt know made stronger,0
talk back afraid say face,0
ever want talk elevator,0
heard said listen better next time,0
bee assume next time quick judge never know like shoe,0
wishing would underst,0
ahead ignore mei play game probably better,0
time disrespectful immature selfish individual,0
ever notice saying hate drama start make sense,0
wondering certain work annoying come naturally,0
work hard get credit get every,0
like tree take ever grow,0
ugh fake bet look bottom foot say made china,0
life short let get hle need life,0
,0
selfish,0
change perfect anymore,0
killed left good,0
never dreamed success worked,0
like remember mind matter mind matter,0
original worth copy,0
yes selfish want,0
selfish come,0
like,0
approval needed,0
would rar hated real loved fake,0
good got,0
simple complex generous selfish unattractive beautiful lazy driven,0
beauty capture attention personality capture heart,0
left reason please come back excuse,0
born express impress,0
ego speaks attitude reply,0
bee judge make sure perfect,0
treat badly treat accordingly,0
life rule attitude,0
want fuck feeling,0
never love cost dignity self respect,0
beauty skin deepattitude,0
treated like option left like choice,0
two way happy change situation change mindset towards,0
attitude may hurt mine kill,0
private person ask,0
toy,0
want treat treat character,0
ever ignoring swear,0
take status taker status,0
hold put pocket continue walk,0
afraid outnumbered eagle fly pigeon flock toger,0
change,0
,0
nobody teach,0
yes smiling reason anymore,0
choose lose backup plan definitely second choice,0
crazy crazy normal time time,0
never never never never give,0
difference somebody want somebody would keep remember,0
enough middle finger show feel,0
yes changed pain,0
dear stop comparing guy player jerk,0
bravest ever continuing life wanted die,0
show,0
fear commitment fear wasting time,0
live love fight cry never give,0
treat feel,0
asked attitude simply replied single attitude,0
attitude depends front,0
selfish mine mine end story,0
want let know please gently let,0
laughed different laughed,0
insult describe,0
two fundamental cool life walk like king walk like king,0
trusted word action spoke truth,0
like raise raise stard,0
beauty fade time personality ever,0
dear broken hearted hold head high middle finger higher let know missing,0
mind bitch attitude lady class,0
need come need men throw aside fine,0
respect respect get get simple,0
sum hate reason give reason,0
never give love,0
excellence skill attitude,0
want come get want come get,0
good bad never get caught,0
keep relationship must keep business ner world need know problem,0
hate men problem,0
problem problem problem attitude towards problem,0
like parking space good already taken,0
seeing put priceless,0
stop asking faithful busy chasing hoe,0
difference good bad attitude,0
trust easily trust please make regret,0
tumblr beautiful,0
say gentleman exist anymore exist gentleman attracted lady slut,0
try judge dude idea fuck,0
want let know please gently let,0
putting headphs avoid bullshit,0
scd see else,0
silence best way react angry,0
hate moment suddenly anger turn tear,0
never gotten given,0
word describe anger frustration feeling right,0
make promise keep,0
angry hurt big difference,0
better cry angry anger hurt tear flow silently soul cleaneses heart,0
delete number basically deleted life,0
getting angry actually punishing mistake,0
never realise emotional mental damage,0
mistake letting mistake letting,0
nobody make angry decide use anger response,0
person said sweetest also said est ever heard,0
never get say angry truth come,0
know hate hate self,0
need open small mind instead big mouth,0
anger feeling make mouth work faster mind,0
angry text speed increase ridiculous amount,0
every minute angry lose sixty second happiness,0
suck realize rejected person wasted time,0
anger natural deffense pain say hate really hurt,0
every getting expensive except getting cheaper,0
anger poison must purge mind else corrupt better nature,0
say milk good teeth know else good teeth minding damn business,0
anger make smaller giviness grow beyond,0
,0
give never got,0
may wrong doubt,0
nobody move lost mind,0
hot dude cool attitude,0
sorry vegetarian pretend,0
follow heart dont stupid,0
attitude based treat,0
perfect limited addition,0
cool global warming made hot,0
stop checking status get life,0
nerd smarter,0
sorry change changed,0
approval needed,0
special limited edition,0
silence best response fool,0
change,0
take kindness sign weakness,0
excellence skill attitude,0
every kill make feel alive,0
sorry fault got idiot,0
poor pay attention class room,0
bee judge make sure perfect,0
attitude may hurt mine kill,0
yeah reading status get lost,0
copy attitude attitude,0
good best bad worst,0
hurt truth never comt lie,0
biggest slap enemy success,0
say dream big say small,0
dont show attitude hle mine,0
bad hwriting font,0
attitude always based treat,0
never insult,0
level maturity change depending,0
attitude little make big difference,0
allow badass confident,0
style reflection attitude personality,0
designer destiny make better,0
may win may lose never defeated,0
bad wrong worst,0
know awesome opinion,0
need explain know right,0
may hear word feel attitude,0
last seen check last seen,0
best way destroy enemy make friend,0
wife live happily year met,0
wish google mind antivirus heart,0
changed grew try,0
fake image main real,0
cse talk need expert advice,0
life short waste removing pen drive safely,0
life give exactly need want,0
currently anger mood read wonderful collection feeling angry status english quote latest angry status english sapp facebook get best feeling angry status english boyfriend friend husb wife boy,0
need open small mind instead big mouth,0
change wrong shit happens life,0
try please end know work,0
stopped believing,0
take lot energy get angry use energy way,0
take lot energy get angry use energy way,0
may look calm head killed time,0
mood talk,0
delete number basically deleted life,0
ahead judge remember perfect rest life,0
would age anger could learn age stupidity,0
specific angry status article included latest awesome collection best feeling angry status english friend friend boyfriend wife husb collection best feeling angry status english boy also separate collection feeling angry status english want express feeling term anger express anger special way warding wonderful angry status english boyfriend friend wife husb friend,0
delete block keeping able see happy,0
suck realise rejected person wasted time,0
happy really give pretend like wait turn destroy,0
person complain harder try annoy,0
best line angry status sapp english,0
never realise emotional mental damage,0
two facebook account face,0
would age anger would age stupidity,0
put word mouth got plenty say,0
live life way,0
would age anger would age stupidity,0
every getting expensive except getting cheaper,0
searching angry sapp status english reached right place might feeling every feel anger every want feeling word untunately find proper word express feeling article shd wonderful collection feeling angry status english sapp facebook also feeling comment box word feeling angry status english font facebook sapp,0
get latest wonderful collection feeling angry status english type status representation anger get angry loved,0
trust anybody good friend till,0
turn realize knife inch deep back,0
definition experience,0
time expired exit life,0
silence quit simply want argue want underst,0
every minute remain angry give sixty second peace mind,0
better cry angry anger hurt tear flow silently soul cleanness heart,0
going talk back smile face,0
anger acid harm vessel stored ped,0
soon set status sapp facebook using best angry status english boyfriend friend come know exactly feeling right moment ask reason anger best angry status english boyfriend friend could mirror heart post get best angry status quote use ever get angry,0
never make feel like make else feel like every,0
never get say angry truth come,0
anger repressed poison relationship surely cruelest word,0
anger never reason seldom good,0
anger bad anger positive move beyond acceptance evil,0
anger great control transmuted power move world,0
usually every life deal certain scenario irritated due certain situation well problem underst time feel seriously awful also get specific clue hle exactly show,0
kind situation angry status sapp allow show feeling right get array angry sapp status english,0
embarrassment anger biggest humiliation person experience,0
strong good wrestler strong control angry,0
angry take deep breath bee speak mouth act quicker brain,0
never realize emotional mental damage,0
ask reacted heart ing mind stupid decision,0
never temper every wrong,0
moment patience moment anger save thou moment regret,0
short temper low tolerance stupidity immaturity ignorance,0
angry person treated prudent child,0
anger condition tongue work faster mind,0
like put earth entertain every,0
fool give full vent anger wise keep control,0
matter long know tually show true color,0
second chance learned first time,0
patient moment anger escape hundred sorrow,0
two never angry help help,0
worst tempered ever met knew wrong,0
damaged really made stronger,0
teach child never angry teach angry,0
tough make feel worst,0
tired waking every putting stupid fake smile lying world,0
stop negative see psychiatrist facebook happy,0
anger make smaller giveness grow beyond,0
change wrong shit happens life,0
nationality best possible status inectual,0
try please end know work,0
every minute angry loose sixty second happiness,0
education powerful weapon chance world,0
life simple complicated,0
bew greatest mood,0
anger letter short danger,0
never bed mad stay fight,0
want give high five face,0
god lot make angry,0
ing calm make angry,0
tried tried give refuse perfect friend treat respect,0
clear lost importance life,0
follow heart see,0
make promise keep,0
excuse cheating relationship,0
regret past regret time wasted wrong,0
never gotten given,0
get know guy like dog,0
need age anger need age stupidity,0
like put earth entertain every,0
told needed told lying truth,0
life choice problem mistake lesson,0
friend like penny twofaced worthless,0
business mind problem bee talk mine,0
never get fight ugly lose,0
angry text speed increase ridiculous amount,0
action speak louder word word action ing different,0
definition experience time expired exit life,0
text want conversation get word answer,0
never get say angry truth come,0
need open small mind instead big mouth,0
suck realise rejected person wasted time,0
anger letter short danger,0
big make angry stopped believing,0
singing angry know punch face,0
get mad smile creep instead,0
ever want slap stupid,0
quiet mad,0
getting close walking away,0
may kill morning,0
anger make dull men witty keep poor,0
get mad get,0
ever begun anger end shame,0
anger temporary madness,0
anger soon fed dead starving make fat,0
anger fear disguise,0
anger blow lamp mind,0
anger always come frustrated expectation,0
angry open mouth shuts eye,0
never bed angry stay awake plot rge,0
anger lie last ever anger truth last,0
never regret made smile,0
opposite anger calmness empathy,0
anger kill fear gently blowing wind,0
anger punishment give ouself mistake,0
grew lot anger frustration violence heart,0
three type truth kid drunk angry,0
usually lose temper true scary,0
try age anger since age stupidity,0
anger intolerance enemy correct understing,0
every minute angry lose sixty second happiness,0
nobody make angry decide use anger response,0
want treat treat character,0
make anger expensive afd make happiness cheap almost get free,0
control anger letter away anger,0
angry take deep breath bee speak mouth act quicker brain,0
anger fuel losing control,0
need anger agement need stop making angry,0
anger destroys repair,0
angry silenty,0
middle finger enough let know feel two,0
need open small mind instead big mouth,0
try please end know work,0
take lot energy get angry use energy way,0
mood talk,0
may look calm head killed time,0
stopped believing,0
change wrong shit happens life,0
would age anger could learn age stupidity,0
person complain harder try annoy,0
two facebook account face,0
put word mouth got plenty say live life way,0
trust anybody good friend till turn realize knife nches deep back,0
would age anger would age stupidity,0
happy really give pretend like wait turn destroy,0
delete block keeping able see happy,0
ahead judge remember perfect rest life,0
silence quit simply want argue want underst,0
come say pain caused come back,0
delete block keeping able see happy,0
text want conversation get word answer,0
definition experience time expired exit life,0
action speak louder word word action ing different,0
never get fight ugly lose,0
life choice problem mistake lesson business mind problem bee talk mine,0
make promise keep,0
told needed told lying truth,0
get know guy like dog,0
regret past regret time wasted wrong,0
excuse cheating relationship,0
leave going pop head shit neck,0
arguing explaining right,0
getting angry solve,0
holding onto anger like drinking poison expecting anr person die,0
know fake relationship fake hello somebody like,0
let ending ugly remember beautiful beginning,0
bite remind every teeth,0
shut positive say,0
best angry status make realize angry status guy top anger status,0
angry status guy,0
top anger status,0
angry caption instagram,0
angry status image,0
need get angry pissed upset frustrated irritated reason ask cuz know,0
come point life realize tired trying time cut loss let reached point,0
test patienceif lose patience become patient,0
want rub face cheese grater,0
seems like past week long bad,0
would really nice sit cactus,0
anger acid harm vessel stored ped really,0
actually need control anger every need control habit pissing,0
stupid put planet test anger agement skill,0
good get angry sure hell get get keep moving,0
listen wait turn talk,0
stupid believe boy like could love like,0
stress text see alright,0
cup tea drink coffee,0
give easily finally ever bring back,0
time hate get,0
choose choose,0
break heart punch face seriously punch face get icecream,0
hate lost reason love,0
lose lost search inside every found rhsin,0
stop loving decided stop showing matter hard tried would get,0
lot reason give chose stay lot reason stay chose give,0
little bitter sorry offend right mood really,0
chat bored bitch please entertainment,0
like put earth entertain every,0
mood talk,0
delete block keeping able see happy,0
may look calm head killed time,0
anger temporary madness,0
anger great control transmuted power move world,0
try please end know work,0
going talk back smile face,0
never get say angry truth come,0
better cry angry anger hurt tear flow silently soul cleanness heart,0
middle finger enough let know feel two,0
anger acid harm vessel stored ped,0
definition experience time expired exit life,0
anger dwells bosom fool,0
anger soon fed dead starving make fat,0
happy really give pretend like wait turn destroy,0
person lot anger inside definitely love else red color indicates anger indicates love,0
pretend get better seat watch struggle every helping always help,0
two truth angry love,0
anger natural defense pain say hate really hurt,0
feeling like wave stop coming choose surf,0
want hear truth make neighbor angry,0
every minute angry lose sixty second happiness,0
hating make pretty,0
anger letter short danger,0
changed changed,0
anger power make angry,0
nicest limit,0
ever begun anger end shame,0
make angry change status,0
silence best way react angry,0
chapter life turn page move,0
get angry remind kid,0
angry laugh win,0
nobody make angry decide use anger response,0
miss true get lie,0
silence quit simply want argue want underst,0
screen brighter future,0
good way keep idiot busy second read,0
fail feel shame step away success,0
listen angry real truth come,0
fuck feeling unsure,0
feeling worry else,0
big make angry,0
text exercise finger expecting reply back,0
hate cry frustrated hurt really trying kill,0
usually lose temper get angry true scary,0
antisocial antibullshit,0
angry capacity change,0
life choice problem mistake lesson business mind problem bee talk mine,0
like put earth entertain every,0
stopped believing,0
silence quit simply want argue want underst,0
talk need entertainment,0
chat bored entertainment,0
caution greatest mood,0
bew bad mood,0
ever get feeling would like reach choke,0
mood kill somebody,0
going come back bird next life feel deserve little medicine,0
cry usually built anger emotion holding long,0
time fake friend anymore eir real,0
mistake repeated decision,0
allow treat poorly love,0
silence deserve,0
cful word said given gotten,0
cful word action give get,0
funny find shit said,0
need cocaine emotion fuck,0
gave anymore realized,0
opinion effect let assure selfworth wrapped,0
never bed angry stay fight,0
delete block keeping able see happy,0
happy really give pretend like wait turn destroy,0
suck realise rejected person wasted time,0
anger never reason seldom good,0
never bed angry stay awake plot rge,0
ask overreacted heart ing mind stupid decision,0
embarrassment anger biggest humiliation person experience,0
strong good wrestler strong control angry,0
big make angry,0
singing angry know punch face,0
ing calm make angrier,0
